date,time,entries
2013-03-19T13:58:14Z,1363701494,105565
2022-09-01T08:05:44Z,1662019544,121102
2022-09-02T00:45:07Z,1662079507,121110
2022-09-03T21:58:47Z,1662242327,121113
2022-09-05T07:50:04Z,1662364204,121119
2022-09-06T03:47:56Z,1662436076,121119
2022-09-07T06:40:04Z,1662532804,121119
2022-09-08T03:27:07Z,1662607627,121125
2022-09-09T07:54:31Z,1662710071,121134
2022-09-10T01:52:49Z,1662774769,121134
2022-09-12T07:42:55Z,1662968575,121139
2022-09-13T03:39:04Z,1663040344,121147
2022-09-14T05:10:46Z,1663132246,121149
2022-09-15T05:02:04Z,1663218124,121154
2022-09-16T06:49:53Z,1663310993,121158
2022-09-17T07:38:04Z,1663400284,121160
2022-09-18T07:46:48Z,1663487208,121163
2022-09-19T07:33:32Z,1663572812,121165
2022-09-20T08:09:39Z,1663661379,121159
2022-09-21T07:52:56Z,1663746776,121158
2022-09-22T03:39:46Z,1663817986,121157
2022-09-24T07:50:58Z,1664005858,121158
2022-09-25T07:47:18Z,1664092038,121160
2022-09-27T07:53:02Z,1664265182,121164
2022-09-28T04:56:51Z,1664341011,121167
2022-09-29T07:46:25Z,1664437585,121167
2022-09-30T02:48:14Z,1664506094,121169
2022-09-30T22:44:53Z,1664577893,121170
2022-10-03T00:51:30Z,1664758290,121176
2022-10-04T04:12:16Z,1664856736,121179
2022-10-05T02:20:44Z,1664936444,121185
2022-10-06T00:47:44Z,1665017264,121189
2022-10-07T05:20:08Z,1665120008,121192
2022-09-30T22:44:53Z,1664577893,121170
2022-10-08T22:42:57Z,1665268977,121201
2022-10-10T07:55:10Z,1665388510,121200
2022-10-11T07:09:21Z,1665472161,121199
2022-10-12T06:04:17Z,1665554657,121203
2022-10-13T06:35:19Z,1665642919,121206
2022-10-14T05:05:42Z,1665723942,121212
2022-10-15T07:00:24Z,1665817224,121216
2022-10-17T03:56:52Z,1665979012,121219
2022-10-17T23:15:43Z,1666048543,121219
2022-10-19T05:25:16Z,1666157116,121224
2022-10-20T05:51:35Z,1666245095,121223
2022-10-21T03:56:48Z,1666324608,121233
2022-10-21T17:50:09Z,1666374609,121230
2022-10-23T07:55:14Z,1666511714,121235
2022-10-24T07:44:16Z,1666597456,121237
2022-10-25T05:44:54Z,1666676694,121240
2022-10-26T05:34:33Z,1666762473,121242
2022-10-27T03:52:52Z,1666842772,121249
2022-10-28T03:07:23Z,1666926443,121266
2022-10-29T07:51:24Z,1667029884,121268
2022-10-29T11:47:25Z,1667044045,121271
2022-10-31T07:44:08Z,1667202248,121278
2022-11-01T03:35:28Z,1667273728,121282
2022-11-02T03:20:02Z,1667359202,121288
2022-11-03T03:39:41Z,1667446781,121296
2022-11-04T06:27:38Z,1667543258,121303
2022-11-05T08:45:02Z,1667637902,121304
2022-11-07T05:32:24Z,1667799144,121305
2022-11-08T02:44:29Z,1667875469,121311
2022-11-08T23:12:02Z,1667949122,121314
2022-11-10T02:08:10Z,1668046090,121315
2022-11-10T20:50:27Z,1668113427,121321
2022-11-12T05:41:38Z,1668231698,121330
2022-11-13T06:28:34Z,1668320914,121331
2022-11-14T01:58:29Z,1668391109,121332
2022-11-15T02:49:28Z,1668480568,121343
2022-11-16T04:50:25Z,1668574225,121345
2022-11-17T02:36:44Z,1668652604,121354
2022-11-18T07:11:52Z,1668755512,121355
2022-11-19T02:28:58Z,1668824938,121356
2022-11-20T06:59:34Z,1668927574,121356
2022-11-21T02:39:39Z,1668998379,121358
2022-11-22T02:10:36Z,1669083036,121361
2022-11-22T22:56:21Z,1669157781,121365
2022-11-24T02:31:04Z,1669257064,121366
2022-11-25T04:00:19Z,1669348819,121367
2022-11-25T22:04:11Z,1669413851,121366
2022-11-27T07:44:58Z,1669535098,121366
2022-11-28T07:06:54Z,1669619214,121364
2022-11-29T02:38:09Z,1669689489,121367
2022-11-30T04:17:08Z,1669781828,121369
2022-12-01T06:28:31Z,1669876111,121379
2022-12-02T07:45:33Z,1669967133,121384
2022-12-02T21:57:05Z,1670018225,121384
2022-12-04T05:55:11Z,1670133311,121383
2022-12-05T04:52:06Z,1670215926,121384
2022-12-06T06:59:14Z,1670309954,121384
2022-12-06T22:38:20Z,1670366300,121384
2022-12-08T03:56:04Z,1670471764,121384
2022-12-09T07:30:24Z,1670571024,121392
2022-12-10T04:10:57Z,1670645457,121392
2022-12-10T21:27:57Z,1670707677,121393
2022-12-12T01:11:42Z,1670807502,121395
2022-12-13T04:11:43Z,1670904703,121398
2022-12-14T04:35:47Z,1670992547,121398
2022-12-15T04:25:55Z,1671078355,121402
2022-12-16T03:58:07Z,1671163087,121400
2022-12-16T16:36:10Z,1671208570,121402
2022-12-17T20:08:48Z,1671307728,121402
2022-12-19T08:06:31Z,1671437191,121402
2022-12-20T02:19:34Z,1671502774,121404
2022-12-21T03:20:27Z,1671592827,121405
2022-12-21T23:28:33Z,1671665313,121408
2022-12-23T01:28:26Z,1671758906,121410
2022-12-24T03:19:52Z,1671851992,121410
2022-12-25T07:47:08Z,1671954428,121413
2022-12-26T08:09:08Z,1672042148,121415
2022-12-27T07:50:12Z,1672127412,121426
2022-12-27T23:17:23Z,1672183043,121426
2022-12-29T07:49:50Z,1672300190,121427
2022-12-29T08:18:34Z,1672301914,121426
2022-12-30T09:56:02Z,1672394162,121426
2023-01-01T03:15:52Z,1672542952,121427
2023-01-01T21:15:36Z,1672607736,121427
2023-01-02T22:52:29Z,1672699949,121427
2023-01-03T16:50:26Z,1672764626,121428
2023-01-05T08:22:01Z,1672906921,121429
2023-01-07T14:43:56Z,1673102636,121429
2023-01-09T07:13:39Z,1673248419,121430
2023-01-10T04:30:52Z,1673325052,121431
2023-01-11T02:21:33Z,1673403693,121431
2023-01-12T07:19:43Z,1673507983,121433
2023-01-13T06:36:30Z,1673591790,121449
2023-01-14T07:48:10Z,1673682490,121471
2023-01-15T07:18:52Z,1673767132,121476
2023-01-16T07:54:35Z,1673855675,121481
2023-01-17T00:39:16Z,1673915956,121477
2023-01-18T04:59:51Z,1674017991,121478
2023-01-19T03:30:13Z,1674099013,121481
2023-01-20T04:30:14Z,1674189014,121483
2023-01-21T07:21:46Z,1674285706,121485
2023-01-22T07:33:44Z,1674372824,121489
2023-01-23T07:12:20Z,1674457940,121488
2023-01-24T07:37:46Z,1674545866,121490
2023-01-25T07:15:32Z,1674630932,121489
2023-01-26T06:35:57Z,1674714957,121490
2023-01-27T02:22:00Z,1674786120,121496
2023-01-28T08:08:18Z,1674893298,121497
2023-01-28T23:24:40Z,1674948280,121500
2023-01-30T00:05:56Z,1675037156,121499
2023-01-31T06:11:23Z,1675145483,121508
2023-02-01T03:11:49Z,1675221109,121513
2023-02-02T07:20:28Z,1675322428,121517
2023-02-03T07:49:46Z,1675410586,121522
2023-02-04T04:03:22Z,1675483402,121524
2023-02-05T07:42:42Z,1675582962,121521
2023-02-06T04:52:50Z,1675659170,121521
2023-02-07T07:47:38Z,1675756058,121531
2023-02-08T08:05:47Z,1675843547,121532
2023-02-09T04:39:25Z,1675917565,121531
2023-02-10T04:58:37Z,1676005117,121536
2023-02-11T07:59:14Z,1676102354,121536
2023-02-12T07:58:07Z,1676188687,121547
2023-02-13T07:14:49Z,1676272489,121548
2023-02-14T08:04:56Z,1676361896,121552
2023-02-15T01:06:48Z,1676423208,121552
2023-02-16T07:34:37Z,1676532877,121554
2023-02-17T06:40:05Z,1676616005,121555
2023-02-18T07:30:39Z,1676705439,121558
2023-02-19T07:28:22Z,1676791702,121559
2023-02-20T07:45:47Z,1676879147,121560
2023-02-21T07:58:02Z,1676966282,121560
2023-02-22T07:17:51Z,1677050271,121564
2023-02-23T04:47:14Z,1677127634,121565
2023-02-24T05:25:22Z,1677216322,121566
2023-02-25T02:54:41Z,1677293681,121568
2023-02-26T08:07:50Z,1677398870,121574
2023-02-27T04:32:05Z,1677472325,121580
2023-02-28T05:42:23Z,1677562943,121583
2023-03-01T04:43:51Z,1677645831,121588
2023-03-02T07:50:28Z,1677743428,121591
2023-03-03T06:46:01Z,1677825961,121587
2023-03-04T06:00:41Z,1677909641,121586
2023-03-05T08:01:03Z,1678003263,121591
2023-03-05T22:15:30Z,1678054530,121596
2023-03-07T08:02:09Z,1678176129,121600
2023-03-07T19:24:16Z,1678217056,121597
2023-03-09T07:38:56Z,1678347536,121600
2023-03-10T05:37:54Z,1678426674,121605
2023-03-11T06:55:28Z,1678517728,121606
2023-03-12T07:44:37Z,1678607077,121606
2023-03-13T04:49:32Z,1678682972,121606
2023-03-13T22:48:30Z,1678747710,121604
2023-03-14T19:37:59Z,1678822679,121604
2023-03-16T06:25:26Z,1678947926,121604
2023-03-17T01:57:59Z,1679018279,121606
2023-03-17T21:39:56Z,1679089196,121606
2023-03-19T08:09:58Z,1679213398,121607
2023-03-20T06:27:30Z,1679293650,121606
2023-03-20T23:06:15Z,1679353575,121607
2023-03-22T07:25:57Z,1679469957,121606
2023-03-23T00:38:06Z,1679531886,121612
2023-03-24T07:27:12Z,1679642832,121612
2023-03-25T07:57:24Z,1679731044,121617
2023-03-26T01:33:14Z,1679794394,121619
2023-03-27T07:40:34Z,1679902834,121621
2023-03-28T08:08:30Z,1679990910,121623
2023-03-29T06:25:27Z,1680071127,121626
2023-03-30T07:39:50Z,1680161990,121628
2023-03-31T06:11:48Z,1680243108,121628
2023-04-01T06:05:54Z,1680329154,121630
2023-04-02T06:25:03Z,1680416703,121633
2023-04-03T07:43:39Z,1680507819,121634
2023-04-04T06:21:12Z,1680589272,121637
2023-04-05T06:35:05Z,1680676505,121640
2023-04-06T05:28:57Z,1680758937,121642
2023-04-07T07:16:08Z,1680851768,121642
2023-04-08T07:21:43Z,1680938503,121641
2023-04-09T01:15:30Z,1681002930,121641
2023-04-10T07:42:03Z,1681112523,121647
2023-04-10T21:57:49Z,1681163869,121647
2023-04-12T06:17:30Z,1681280250,121648
2023-04-13T23:27:05Z,1681428425,121646
2023-04-15T06:17:39Z,1681539459,121646
2023-04-16T01:18:48Z,1681607928,121646
2023-04-16T21:40:13Z,1681681213,121646
2023-04-18T02:25:42Z,1681784742,121647
2023-04-19T03:30:41Z,1681875041,121647
2023-04-20T01:50:43Z,1681955443,121647
2023-04-21T07:52:15Z,1682063535,121647
2023-04-21T08:54:02Z,1682067242,121648
2023-04-23T03:47:33Z,1682221653,121648
2023-04-24T08:08:15Z,1682323695,121649
2023-04-25T04:51:15Z,1682398275,121651
2023-04-26T05:40:57Z,1682487657,121650
2023-04-27T02:50:26Z,1682563826,121649
2023-04-28T06:45:20Z,1682664320,121648
2023-04-28T20:52:02Z,1682715122,121645
2023-04-30T06:34:20Z,1682836460,121645
2023-04-30T10:17:28Z,1682849848,121649
2023-05-01T14:38:39Z,1682951919,121646
2023-05-02T17:17:35Z,1683047855,121647
2023-05-03T16:23:41Z,1683131021,121648
2023-05-06T06:47:36Z,1683355656,121649
2023-05-08T07:55:56Z,1683532556,121649
2023-05-14T06:17:53Z,1684045073,121649
2023-05-19T12:45:28Z,1684500328,121649
2023-05-25T08:56:45Z,1685005005,121649
2023-05-27T05:45:34Z,1685166334,121650
2023-05-27T13:36:11Z,1685194571,121650
2023-05-29T09:15:46Z,1685351746,121652
2023-05-31T07:56:52Z,1685519812,121653
2023-05-31T08:21:12Z,1685521272,121654
2023-06-05T19:23:03Z,1685992983,121655
2023-06-09T06:51:45Z,1686293505,121658
2023-06-10T07:12:27Z,1686381147,121658
2023-06-14T08:07:13Z,1686730033,121659
2023-06-14T08:43:41Z,1686732221,121661
2023-06-19T01:24:14Z,1687137854,121662
2023-06-20T05:47:32Z,1687240052,121664
2023-06-22T02:10:27Z,1687399827,121664
2023-06-22T23:04:52Z,1687475092,121665
2023-06-25T07:20:02Z,1687677602,121667
2023-06-26T00:19:31Z,1687738771,121667
2023-06-26T22:30:43Z,1687818643,121667
2023-06-27T23:38:54Z,1687909134,121657
2023-06-29T07:57:04Z,1688025424,121661
2023-06-30T05:31:23Z,1688103083,121663
2023-07-01T06:57:46Z,1688194666,121663
2023-07-03T07:55:48Z,1688370948,121643
2023-07-03T13:01:53Z,1688389313,121642
2023-07-05T08:09:28Z,1688544568,121645
2023-07-06T05:01:18Z,1688619678,121645
2023-07-07T07:52:31Z,1688716351,121648
2023-07-11T07:43:52Z,1689061432,121651
2023-07-13T08:03:51Z,1689235431,121654
2023-07-14T05:34:38Z,1689312878,121654
2023-07-15T06:14:57Z,1689401697,121659
2023-07-15T10:46:16Z,1689417976,121659
2023-07-16T08:24:52Z,1689495892,121661
2023-07-17T09:30:40Z,1689586240,121662
2023-07-19T03:57:28Z,1689739048,121663
2023-07-20T01:32:35Z,1689816755,121663
2023-07-22T00:22:39Z,1689985359,121665
2023-07-23T05:26:32Z,1690089992,121668
2023-07-24T07:11:29Z,1690182689,121672
2023-07-24T22:22:36Z,1690237356,121672
2023-07-26T09:19:34Z,1690363174,121673
2023-07-29T07:57:53Z,1690617473,121674
2023-07-30T00:10:15Z,1690675815,121674
2023-07-31T07:38:12Z,1690789092,121673
2023-08-02T06:19:04Z,1690957144,121674
2023-08-07T08:06:51Z,1691395611,121676
2023-08-07T15:57:22Z,1691423842,121678
2023-08-09T07:27:59Z,1691566079,121659
2023-08-10T05:51:15Z,1691646675,121659
2023-08-11T04:20:58Z,1691727658,121662
2023-08-12T04:00:43Z,1691812843,121663
2023-08-12T23:55:54Z,1691884554,121623
2023-08-14T07:29:25Z,1691998165,121575
2023-08-14T22:58:20Z,1692053900,121575
2023-08-16T02:52:14Z,1692154334,121576
2023-08-17T07:32:09Z,1692257529,121578
2023-08-18T04:52:42Z,1692334362,121581
2023-08-19T08:08:56Z,1692432536,121587
2023-08-20T02:13:25Z,1692497605,121589
2023-08-20T20:26:45Z,1692563205,121590
2023-08-22T05:57:03Z,1692683823,121588
2023-08-25T05:17:48Z,1692940668,121589
2023-08-26T06:20:52Z,1693030852,121591
2023-08-29T05:31:29Z,1693287089,121597
2023-08-30T04:22:15Z,1693369335,121601
2023-08-31T06:32:00Z,1693463520,121605
2023-09-01T08:05:05Z,1693555505,121614
2023-09-02T08:03:53Z,1693641833,121617
2023-09-03T07:58:04Z,1693727884,121617
2023-09-04T05:52:13Z,1693806733,121620
2023-09-05T06:52:39Z,1693896759,121616
2023-09-06T05:15:55Z,1693977355,121616
2023-09-07T07:18:37Z,1694071117,121616
2023-09-08T07:34:57Z,1694158497,121626
2023-09-09T07:30:24Z,1694244624,121631
2023-09-10T04:55:01Z,1694321701,121630
2023-09-11T05:31:05Z,1694410265,121634
2023-09-12T04:47:31Z,1694494051,121641
2023-09-13T06:23:33Z,1694586213,121646
2023-09-14T05:58:47Z,1694671127,121655
2023-09-15T06:04:53Z,1694757893,121658
2023-09-16T07:26:45Z,1694849205,121666
2023-09-17T06:19:38Z,1694931578,121668
2023-09-18T04:49:31Z,1695012571,121678
2023-09-19T07:28:27Z,1695108507,121694
2023-09-20T07:16:14Z,1695194174,121702
2023-09-21T06:03:50Z,1695276230,121702
2023-09-22T07:42:52Z,1695368572,121705
2023-09-23T06:30:11Z,1695450611,121705
2023-09-24T06:52:43Z,1695538363,121706
2023-09-25T08:08:42Z,1695629322,121708
2023-09-26T06:39:56Z,1695710396,121718
2023-09-27T07:20:21Z,1695799221,121730
2023-09-28T07:16:55Z,1695885415,121739
2023-09-28T21:31:09Z,1695936669,121742
2023-09-30T05:15:28Z,1696050928,121743
2023-10-01T06:33:11Z,1696141991,121750
2023-10-02T06:03:14Z,1696226594,121752
2023-10-03T06:55:53Z,1696316153,121766
2023-10-04T05:28:57Z,1696397337,121771
2023-10-05T07:34:45Z,1696491285,121782
2023-10-06T04:12:34Z,1696565554,121797
2023-10-07T06:17:29Z,1696659449,121799
2023-10-08T07:38:05Z,1696750685,121812
2023-10-09T02:37:20Z,1696819040,121820
2023-10-10T07:57:06Z,1696924626,121833
2023-10-11T07:35:29Z,1697009729,121846
2023-10-12T03:57:48Z,1697083068,121862
2023-10-13T03:18:05Z,1697167085,121865
2023-10-14T03:27:56Z,1697254076,121869
2023-09-30T05:15:28Z,1696050928,121743
2023-10-16T03:34:37Z,1697427277,121884
2023-10-17T05:31:15Z,1697520675,121893
2023-10-18T06:45:28Z,1697611528,121909
2023-10-19T06:42:21Z,1697697741,121926
2023-10-20T07:57:38Z,1697788658,121935
2023-10-21T07:58:11Z,1697875091,121946
2023-10-22T05:17:06Z,1697951826,121958
2023-10-23T05:57:11Z,1698040631,121970
2023-10-24T03:59:55Z,1698119995,121982
2023-10-25T08:09:21Z,1698221361,121985
2023-10-26T07:44:35Z,1698306275,121996
2023-10-27T07:53:35Z,1698393215,122003
2023-10-28T07:37:03Z,1698478623,122014
2023-10-29T04:24:21Z,1698553461,122019
2023-10-30T05:33:39Z,1698644019,122031
2023-10-31T05:39:30Z,1698730770,122039
2023-11-01T05:48:18Z,1698817698,122065
2023-11-02T07:54:49Z,1698911689,122086
2023-11-03T07:42:10Z,1698997330,122106
2023-11-04T07:10:40Z,1699081840,122111
2023-11-05T07:48:19Z,1699170499,122130
2023-11-06T06:52:44Z,1699253564,122138
2023-11-07T06:42:16Z,1699339336,122143
2023-11-08T02:03:32Z,1699409012,122152
2023-11-09T06:25:14Z,1699511114,122160
2023-11-10T07:43:28Z,1699602208,122161
2023-11-11T07:33:08Z,1699687988,122170
2023-11-12T07:32:17Z,1699774337,122172
2023-11-13T03:53:33Z,1699847613,122174
2023-11-14T04:52:14Z,1699937534,122187
2023-11-15T08:09:17Z,1700035757,122193
2023-11-16T01:29:56Z,1700098196,122201
2023-11-17T02:46:58Z,1700189218,122203
2023-11-18T06:23:52Z,1700288632,122213
2023-11-19T07:36:19Z,1700379379,122229
2023-11-20T04:24:33Z,1700454273,122238
2023-11-21T05:33:06Z,1700544786,122239
2023-11-22T03:28:13Z,1700623693,122239
2023-11-28T23:15:05Z,1701213305,122239
2023-11-30T07:52:20Z,1701330740,122246
2023-12-01T06:44:08Z,1701413048,122246
2023-12-01T21:24:52Z,1701465892,122246
2023-12-03T07:15:16Z,1701587716,122247
2023-12-04T06:09:43Z,1701670183,122261
2023-12-05T06:33:36Z,1701758016,122265
2023-12-06T07:08:48Z,1701846528,122282
2023-12-07T00:47:12Z,1701910032,122289
2023-12-08T05:51:25Z,1702014685,122302
2023-12-09T07:17:41Z,1702106261,122307
2023-12-10T03:25:46Z,1702178746,122308
2023-12-11T07:09:15Z,1702278555,122309
2023-12-12T04:12:44Z,1702354364,122321
2023-12-13T01:41:30Z,1702431690,122324
2023-12-14T04:04:57Z,1702526697,122329
2023-12-15T06:51:38Z,1702623098,122336
2023-12-15T19:34:42Z,1702668882,122338
2023-12-16T11:09:33Z,1702724973,122338
2023-12-18T06:48:00Z,1702882080,122342
2023-12-19T05:45:06Z,1702964706,122344
2023-12-20T06:49:10Z,1703054950,122349
2023-12-21T05:28:53Z,1703136533,122355
2023-12-21T19:47:45Z,1703188065,122358
2023-12-23T07:33:44Z,1703316824,122361
2023-12-24T02:20:50Z,1703384450,122361
2023-12-25T07:19:44Z,1703488784,122364
2023-12-25T19:15:39Z,1703531739,122364
2023-12-27T00:46:31Z,1703637991,122365
2023-12-28T05:21:51Z,1703740911,122364
2023-12-29T05:08:42Z,1703826522,122364
2023-12-30T08:01:39Z,1703923299,122373
2023-12-31T06:50:20Z,1704005420,122377
2023-12-31T20:57:38Z,1704056258,122378
2024-01-02T06:57:45Z,1704178665,122380
2024-01-03T02:28:44Z,1704248924,122382
2024-01-04T06:59:52Z,1704351592,122387
2024-01-05T03:08:02Z,1704424082,122388
2024-01-06T07:54:13Z,1704527653,122398
2024-01-07T06:04:53Z,1704607493,122396
2024-01-08T07:01:29Z,1704697289,122402
2024-01-08T09:25:42Z,1704705942,122402
2024-01-09T20:18:42Z,1704831522,122402
2024-01-11T03:17:04Z,1704943024,122405
2024-01-12T07:46:29Z,1705045589,122419
2024-01-13T03:41:09Z,1705117269,122421
2024-01-14T07:55:34Z,1705218934,122436
2024-01-14T23:02:02Z,1705273322,122439
2024-01-16T06:47:58Z,1705387678,122440
2024-01-17T06:35:19Z,1705473319,122440
2024-01-18T06:17:44Z,1705558664,122441
2024-01-19T08:03:24Z,1705651404,122444
2024-01-20T03:45:42Z,1705722342,122444
2024-01-22T00:19:54Z,1705882794,122447
2024-01-23T07:48:50Z,1705996130,122449
2024-01-24T07:24:30Z,1706081070,122455
2024-01-25T05:59:15Z,1706162355,122462
2024-01-26T06:16:05Z,1706249765,122463
2024-01-27T06:55:04Z,1706338504,122463
2024-01-28T05:51:01Z,1706421061,122465
2024-01-29T00:45:15Z,1706489115,122465
2024-01-30T06:57:42Z,1706597862,122467
2024-02-01T07:29:52Z,1706772592,122472
2024-02-02T03:34:42Z,1706844882,122478
2024-02-03T07:26:48Z,1706945208,122480
2024-02-04T07:42:33Z,1707032553,122482
2024-02-05T21:31:01Z,1707168661,122483
2024-02-08T06:54:59Z,1707375299,122488
2024-02-09T05:34:15Z,1707456855,122490
2024-02-04T07:42:33Z,1707032553,122482
2024-02-10T05:17:36Z,1707542256,122491
2024-02-11T09:07:54Z,1707642474,122496
2024-02-12T04:47:37Z,1707713257,122502
2024-02-13T06:50:08Z,1707807008,122504
2024-02-14T07:51:48Z,1707897108,122512
2024-02-15T08:51:14Z,1707987074,122521
2024-02-16T08:54:26Z,1708073666,122525
2024-02-17T07:03:33Z,1708153413,122532
2024-02-18T07:55:32Z,1708242932,122539
2024-02-19T04:13:59Z,1708316039,122551
2024-02-20T08:32:19Z,1708417939,122557
2024-02-21T07:01:39Z,1708498899,122562
2024-02-22T07:19:21Z,1708586361,122564
2024-02-23T07:59:18Z,1708675158,122564
2024-02-24T08:56:06Z,1708764966,122563
2024-02-25T00:43:35Z,1708821815,122565
2024-02-26T04:25:27Z,1708921527,122570
2024-02-27T05:00:21Z,1709010021,122584
2024-02-28T04:11:20Z,1709093480,122589
2024-02-29T06:01:18Z,1709186478,122603
2024-03-01T07:19:29Z,1709277569,122616
2024-03-02T07:33:28Z,1709364808,122625
2024-03-04T01:38:46Z,1709516326,122639
2024-03-05T02:26:49Z,1709605609,122649
2024-03-06T07:26:38Z,1709709998,122672
2024-03-07T08:51:23Z,1709801483,122689
2024-03-08T08:44:36Z,1709887476,122691
2024-03-09T08:47:00Z,1709974020,122686
2024-03-10T06:32:47Z,1710052367,122684
2024-03-11T06:48:49Z,1710139729,122682
2024-03-12T03:43:11Z,1710214991,122684
2024-03-13T04:03:20Z,1710302600,122691
2024-03-14T03:26:24Z,1710386784,122701
2024-03-15T09:01:07Z,1710493267,122708
2024-03-16T08:36:37Z,1710578197,122721
2024-03-18T08:32:16Z,1710750736,122721
2024-03-19T08:00:38Z,1710835238,122727
2024-03-20T08:00:37Z,1710921637,122728
2024-03-21T08:59:33Z,1711011573,122734
2024-03-22T05:38:17Z,1711085897,122749
2024-03-23T02:59:04Z,1711162744,122764
2024-03-24T07:44:56Z,1711266296,122768
2024-03-25T01:54:52Z,1711331692,122773
2024-03-26T04:36:24Z,1711427784,122775
2024-03-27T04:11:17Z,1711512677,122782
2024-03-28T05:21:59Z,1711603319,122788
2024-03-29T05:45:34Z,1711691134,122790
2024-03-30T03:57:24Z,1711771044,122790
2024-03-31T07:23:22Z,1711869802,122798
2024-04-01T09:09:12Z,1711962552,122807
2024-04-02T05:17:02Z,1712035022,122811
2024-04-03T06:20:32Z,1712125232,122816
2024-04-04T07:10:37Z,1712214637,122819
2024-04-05T04:41:40Z,1712292100,122823
2024-04-06T07:33:19Z,1712388799,122829
2024-04-07T05:16:03Z,1712466963,122838
2024-04-08T00:02:01Z,1712534521,122839
2024-04-09T06:12:59Z,1712643179,122840
2024-04-08T00:02:01Z,1712534521,122839
2024-04-11T07:46:53Z,1712821613,122827
2024-04-12T08:58:14Z,1712912294,122804
2024-04-14T05:58:10Z,1713074290,122795
2024-04-15T04:09:52Z,1713154192,122800
2024-04-16T05:18:46Z,1713244726,122796
2024-04-17T09:13:14Z,1713345194,122796
2024-04-18T09:03:10Z,1713430990,122809
2024-04-19T08:16:49Z,1713514609,122816
2024-04-20T06:00:42Z,1713592842,122821
2024-04-21T08:56:01Z,1713689761,122825
2024-04-22T05:41:30Z,1713764490,122835
2024-04-23T08:07:46Z,1713859666,122836
2024-04-24T09:11:34Z,1713949894,122857
2024-04-25T08:08:39Z,1714032519,122865
2024-04-26T08:26:25Z,1714119985,122871
2024-04-27T08:19:50Z,1714205990,122870
2024-04-28T08:25:21Z,1714292721,122877
2024-04-29T09:14:34Z,1714382074,122875
2024-04-30T04:24:28Z,1714451068,122885
2024-05-01T08:02:07Z,1714550527,122893
2024-05-02T08:17:26Z,1714637846,122901
2024-05-03T07:12:15Z,1714720335,122911
2024-05-04T08:47:27Z,1714812447,122916
2024-05-05T06:24:03Z,1714890243,122927
2024-05-06T05:46:38Z,1714974398,122929
2024-05-07T06:17:35Z,1715062655,122940
2024-05-08T08:09:05Z,1715155745,122938
2024-05-09T07:39:17Z,1715240357,122945
2024-05-10T07:28:32Z,1715326112,122954
2024-05-10T22:20:03Z,1715379603,122950
2024-05-12T04:24:45Z,1715487885,122950
2024-05-13T09:14:20Z,1715591660,122957
2024-05-14T06:03:26Z,1715666606,122969
2024-05-14T22:05:21Z,1715724321,122970
2024-05-16T08:13:42Z,1715847222,122972
2024-05-17T07:51:03Z,1715932263,122979
2024-05-18T07:05:17Z,1716015917,122956
2024-05-19T08:40:13Z,1716108013,122946
2024-05-20T09:02:36Z,1716195756,122948
2024-05-21T09:06:50Z,1716282410,122959
2024-05-22T09:05:11Z,1716368711,122869
2024-05-23T09:12:29Z,1716455549,122841
2024-05-24T09:13:06Z,1716541986,122824
2024-05-25T09:06:37Z,1716627997,122816
2024-05-26T08:07:14Z,1716710834,122799
2024-05-27T04:54:26Z,1716785666,122771
2024-05-28T06:11:56Z,1716876716,122764
2024-05-29T07:39:49Z,1716968389,122757
2024-05-30T07:54:08Z,1717055648,122736
2024-05-31T01:16:09Z,1717118169,122727
2024-06-01T04:10:49Z,1717215049,122671
2024-06-02T03:14:26Z,1717298066,122674
2024-06-03T05:59:25Z,1717394365,122671
2024-06-04T08:20:55Z,1717489255,122626
2024-06-05T09:05:41Z,1717578341,122618
2024-06-06T09:15:14Z,1717665314,122620
2024-06-07T06:18:48Z,1717741128,122619
2024-06-08T08:41:10Z,1717836070,122624
2024-06-09T07:28:49Z,1717918129,122625
2024-06-10T08:11:03Z,1718007063,122621
2024-06-11T08:28:52Z,1718094532,122608
2024-06-12T08:45:06Z,1718181906,122600
2024-06-13T05:19:32Z,1718255972,122575
2024-06-14T09:15:31Z,1718356531,122580
2024-06-15T09:12:00Z,1718442720,122558
2024-06-16T08:43:41Z,1718527421,122554
2024-06-17T04:12:22Z,1718597542,122545
2024-06-18T07:22:01Z,1718695321,122540
2024-06-19T08:09:14Z,1718784554,122538
2024-06-20T09:11:49Z,1718874709,122535
2024-06-21T08:27:36Z,1718958456,122539
2024-06-21T14:47:02Z,1718981222,122543
2024-06-23T06:38:13Z,1719124693,122541
2024-06-24T06:09:10Z,1719209350,122535
2024-06-25T05:28:38Z,1719293318,122519
2024-06-26T06:02:35Z,1719381755,122522
2024-06-27T07:18:14Z,1719472694,122525
2024-06-28T06:00:42Z,1719554442,122497
2024-06-28T21:19:16Z,1719609556,122497
2024-06-30T00:30:21Z,1719707421,122498
2024-06-30T21:13:31Z,1719782011,122388
2024-07-02T01:48:50Z,1719884930,122299
2024-07-02T20:41:06Z,1719952866,122284
2024-07-04T08:27:29Z,1720081649,122280
2024-07-05T06:09:52Z,1720159792,122278
2024-07-06T01:18:38Z,1720228718,122276
2024-07-06T16:16:44Z,1720282604,122285
2024-07-08T04:39:56Z,1720413596,122281
2024-07-09T01:45:10Z,1720489510,122292
2024-07-10T01:16:46Z,1720574206,122299
2024-07-10T20:41:42Z,1720644102,122296
2024-07-12T00:50:24Z,1720745424,122289
2024-07-12T20:12:56Z,1720815176,122278
2024-07-13T15:43:26Z,1720885406,122279
2024-07-14T14:37:23Z,1720967843,122283
2024-07-16T08:36:36Z,1721118996,122287
2024-07-17T08:33:32Z,1721205212,122294
2024-07-18T09:11:42Z,1721293902,122298
2024-07-19T04:58:57Z,1721365137,122307
2024-07-19T19:32:23Z,1721417543,122314
2024-07-21T08:50:01Z,1721551801,122282
2024-07-21T15:55:11Z,1721577311,122282
2024-07-23T05:15:49Z,1721711749,122286
2024-07-24T04:30:59Z,1721795459,122298
2024-07-25T07:27:08Z,1721892428,122307
2024-07-25T22:57:06Z,1721948226,122306
2024-07-26T11:58:26Z,1721995106,122303
2024-07-28T07:33:40Z,1722152020,122304
2024-07-29T05:35:19Z,1722231319,122311
2024-07-30T07:20:15Z,1722324015,122318
2024-07-30T19:45:21Z,1722368721,122315
2024-08-01T05:00:43Z,1722488443,122317
2024-08-02T06:26:10Z,1722579970,122322
2024-08-03T09:06:30Z,1722675990,122323
2024-08-03T22:54:21Z,1722725661,122324
2024-08-05T05:00:03Z,1722834003,122327
2024-08-06T08:31:54Z,1722933114,122341
2024-08-07T07:30:52Z,1723015852,122355
2024-08-07T21:08:31Z,1723064911,122364
2024-08-09T07:02:00Z,1723186920,122374
2024-08-09T20:59:48Z,1723237188,122376
2024-08-11T07:47:34Z,1723362454,122382
2024-08-12T02:12:52Z,1723428772,122392
2024-08-13T09:09:19Z,1723540159,122412
2024-08-14T06:27:14Z,1723616834,122426
2024-08-15T07:34:13Z,1723707253,122432
2024-08-16T05:30:43Z,1723786243,122435
2024-08-17T08:15:48Z,1723882548,122438
2024-06-23T06:38:13Z,1719124693,122541
2024-08-19T09:07:25Z,1724058445,122402
2024-06-23T06:38:13Z,1719124693,122541
2024-08-21T08:22:16Z,1724228536,122409
2024-08-22T04:17:12Z,1724300232,122415
2024-08-23T03:27:39Z,1724383659,122425
2024-08-24T08:00:29Z,1724486429,122428
2024-08-25T07:34:36Z,1724571276,122434
2024-08-26T07:41:01Z,1724658061,122442
2024-08-27T06:31:21Z,1724740281,122450
2024-08-28T05:24:40Z,1724822680,122456
2024-08-29T05:51:08Z,1724910668,122461
2024-08-30T05:37:04Z,1724996224,122443
2024-08-31T07:02:06Z,1725087726,122445
2024-09-01T02:19:24Z,1725157164,122452
2024-09-02T05:37:45Z,1725255465,122466
2024-09-03T09:06:32Z,1725354392,122471
2024-09-04T08:22:36Z,1725438156,122473
2024-09-05T07:47:41Z,1725522461,122478
2024-09-06T07:11:40Z,1725606700,122480
2024-06-23T06:38:13Z,1719124693,122541
2024-09-07T22:26:21Z,1725747981,122488
2024-09-09T06:57:55Z,1725865075,122498
2024-09-10T01:17:08Z,1725931028,122506
2024-09-11T07:00:38Z,1726038038,122508
2024-09-12T07:37:12Z,1726126632,122515
2024-09-13T08:13:09Z,1726215189,122519
2024-09-14T07:08:35Z,1726297715,122521
2024-09-15T06:22:43Z,1726381363,122504
2024-09-16T00:13:36Z,1726445616,122507
2024-09-17T07:02:51Z,1726556571,122511
2024-09-18T06:50:11Z,1726642211,122513
2024-09-19T06:01:44Z,1726725704,122517
2024-09-20T09:12:42Z,1726823562,122528
2024-06-23T06:38:13Z,1719124693,122541
2024-09-22T08:52:00Z,1726995120,122541
2024-09-23T09:03:47Z,1727082227,122550
2024-09-24T00:20:44Z,1727137244,122559
2024-09-25T07:52:59Z,1727250779,122561
2024-09-26T07:14:12Z,1727334852,122563
2024-09-27T06:44:23Z,1727419463,122566
2024-09-28T09:05:29Z,1727514329,122570
2024-09-29T08:50:25Z,1727599825,122573
2024-09-30T01:24:50Z,1727659490,122579
2024-10-01T08:03:32Z,1727769812,122586
2024-10-02T06:06:16Z,1727849176,122597
2024-10-03T08:20:50Z,1727943650,122604
2024-10-04T00:32:22Z,1728001942,122610
2024-10-04T16:48:01Z,1728060481,122613
2024-10-07T06:36:30Z,1728282990,122621
2024-10-07T15:02:30Z,1728313350,122623
2024-10-09T06:40:36Z,1728456036,122623
2024-10-10T05:20:22Z,1728537622,122633
2024-10-11T09:14:20Z,1728638060,122632
2024-06-23T06:38:13Z,1719124693,122541
2024-10-12T19:49:41Z,1728762581,122643
2024-10-14T08:55:21Z,1728896121,122646
2024-10-15T01:38:07Z,1728956287,122652
2024-10-16T06:08:17Z,1729058897,122652
2024-10-17T05:52:15Z,1729144335,122656
2024-10-18T05:11:27Z,1729228287,122662
2024-10-19T08:00:14Z,1729324814,122665
2024-10-19T09:22:24Z,1729329744,122665
2024-10-20T19:37:43Z,1729453063,122675
2024-10-22T01:30:07Z,1729560607,122680
2024-10-24T08:56:08Z,1729760168,122685
2024-10-24T16:37:20Z,1729787840,122689
2024-10-26T07:39:50Z,1729928390,122691
2024-10-27T08:38:11Z,1730018291,122699
2024-10-28T08:51:09Z,1730105469,122707
2024-10-29T06:50:32Z,1730184632,122724
2024-10-30T00:31:32Z,1730248292,122731
2024-10-31T08:53:25Z,1730364805,122736
2024-11-01T04:52:12Z,1730436732,122744
2024-11-02T07:50:25Z,1730533825,122750
2024-11-03T08:56:24Z,1730624184,122756
2024-11-05T08:09:51Z,1730794191,122761
2024-11-06T06:34:20Z,1730874860,122769
2024-11-07T08:01:27Z,1730966487,122771
2024-11-08T07:59:07Z,1731052747,122771
2024-11-08T21:37:55Z,1731101875,122778
2024-11-10T03:15:48Z,1731208548,122780
2024-11-11T09:10:27Z,1731316227,122787
2024-11-12T04:00:49Z,1731384049,122790
2024-11-13T06:28:52Z,1731479332,122791
2024-11-14T07:22:06Z,1731568926,122796
2024-11-15T00:44:42Z,1731631482,122798
2024-11-16T09:12:00Z,1731748320,122802
2024-11-17T07:15:24Z,1731827724,122806
2024-11-17T23:45:41Z,1731887141,122815
2024-11-18T23:06:27Z,1731971187,122820
2024-11-20T07:15:12Z,1732086912,122825
2024-11-21T05:16:37Z,1732166197,122829
2024-11-21T22:48:31Z,1732229311,122830
2024-11-23T06:08:12Z,1732342092,122830
2024-11-23T22:29:18Z,1732400958,122833
2024-11-25T09:12:36Z,1732525956,122839
2024-11-26T08:48:24Z,1732610904,122845
2024-11-27T00:33:49Z,1732667629,122847
2024-11-23T22:29:18Z,1732400958,122833
2024-11-29T04:41:42Z,1732855302,122871
2024-11-30T07:23:09Z,1732951389,122879
2024-12-02T04:09:11Z,1733112551,122889
2024-12-03T01:46:15Z,1733190375,122893
2024-12-04T08:40:58Z,1733301658,122895
2024-12-05T08:12:57Z,1733386377,122896
2024-12-05T18:54:33Z,1733424873,122896
2024-12-06T15:50:49Z,1733500249,122898
2024-12-08T08:48:54Z,1733647734,122906
2024-12-09T08:47:46Z,1733734066,122906
2024-12-10T02:10:23Z,1733796623,122911
2024-12-11T02:35:12Z,1733884512,122913
2024-12-11T18:27:06Z,1733941626,122917
2024-12-13T08:16:53Z,1734077813,122921
2024-12-14T05:11:18Z,1734153078,122922
2024-12-14T21:12:07Z,1734210727,122927
2024-12-15T19:58:35Z,1734292715,122928
2024-12-17T01:31:57Z,1734399117,122931
2024-12-18T06:09:14Z,1734502154,122939
2024-12-19T08:48:14Z,1734598094,122947
2024-12-20T06:51:43Z,1734677503,122944
2024-12-21T00:50:03Z,1734742203,122937
2024-12-22T07:45:48Z,1734853548,122938
2024-12-22T14:14:43Z,1734876883,122932
2024-12-24T05:37:10Z,1735018630,122924
2024-12-25T04:42:13Z,1735101733,122924
2024-12-26T07:30:20Z,1735198220,122926
2024-12-26T12:39:05Z,1735216745,122927
2024-12-28T08:53:49Z,1735376029,122928
2024-12-28T14:51:40Z,1735397500,122930
2024-12-30T07:18:07Z,1735543087,122931
2024-12-30T22:45:51Z,1735598751,122934
2025-01-01T01:36:49Z,1735695409,122932
2025-01-01T20:41:41Z,1735764101,122932
2025-01-02T15:06:24Z,1735830384,122933
2025-01-04T08:22:01Z,1735978921,122936
2025-01-06T04:33:31Z,1736138011,122936
2025-01-07T01:00:58Z,1736211658,122936
2025-01-08T06:17:57Z,1736317077,122936
2025-01-08T19:50:22Z,1736365822,122936
2025-01-10T04:34:33Z,1736483673,122939
2025-01-11T04:44:29Z,1736570669,122941
2025-01-12T07:54:01Z,1736668441,122940
2025-01-12T12:49:39Z,1736686179,122940
2025-01-15T06:44:19Z,1736923459,122945
2025-01-12T07:54:01Z,1736668441,122940
2025-01-17T04:14:20Z,1737087260,122946
2025-01-17T22:21:55Z,1737152515,122948
2025-01-19T00:27:16Z,1737246436,122957
2025-01-20T08:44:55Z,1737362695,122959
2025-01-20T16:04:40Z,1737389080,122961
2025-01-22T05:18:43Z,1737523123,122963
2025-01-23T06:07:57Z,1737612477,122964
2025-01-24T03:09:42Z,1737688182,122968
2025-01-12T07:54:01Z,1736668441,122940
2025-01-25T20:55:02Z,1737838502,122969
2025-01-27T08:56:51Z,1737968211,122969
2025-01-28T22:57:00Z,1738105020,122963
2025-01-30T07:19:12Z,1738221552,122964
2025-01-31T05:57:02Z,1738303022,122966
2025-02-01T05:25:50Z,1738387550,122964
2025-02-02T07:52:57Z,1738482777,122966
2025-02-03T04:02:30Z,1738555350,122972
2025-02-04T04:28:09Z,1738643289,122968
2025-02-05T08:06:17Z,1738742777,122969
2025-02-06T08:10:45Z,1738829445,122972
2025-02-07T08:21:58Z,1738916518,122991
2025-02-08T06:16:40Z,1738995400,122999
2025-02-09T03:05:34Z,1739070334,123002
2025-02-10T07:56:25Z,1739174185,123010
2025-02-11T08:51:35Z,1739263895,123014
2025-02-12T07:06:39Z,1739343999,123019
2025-02-13T06:08:48Z,1739426928,123019
2025-02-14T09:05:07Z,1739523907,123024
2025-02-15T04:01:38Z,1739592098,123043
2025-02-16T08:50:43Z,1739695843,123045
2025-02-17T04:26:20Z,1739766380,123049
2025-02-18T07:35:01Z,1739864101,123060
2025-02-19T09:14:47Z,1739956487,123067
2025-02-20T09:07:07Z,1740042427,123074
2025-02-21T05:28:23Z,1740115703,123079
2025-02-22T05:21:07Z,1740201667,123079
2025-02-22T18:22:51Z,1740248571,123078
2025-02-23T22:25:02Z,1740349502,123080
2025-02-25T09:10:28Z,1740474628,123078
2025-02-26T08:05:06Z,1740557106,123083
2025-02-27T09:12:51Z,1740647571,123085
2025-02-28T08:28:47Z,1740731327,123099
2025-03-01T02:47:34Z,1740797254,123097
2025-03-02T09:00:12Z,1740906012,123099
2025-03-03T02:55:47Z,1740970547,123104
2025-03-04T03:34:32Z,1741059272,123112
2025-03-05T01:24:41Z,1741137881,123114
2025-03-06T05:48:11Z,1741240091,123109
2025-03-07T02:57:03Z,1741316223,123107
2025-03-07T22:43:02Z,1741387382,123104
2025-03-08T23:31:22Z,1741476682,123110
2025-03-09T21:13:09Z,1741554789,123112
2025-03-11T04:58:15Z,1741669095,123115
2025-03-12T05:23:39Z,1741757019,123123
2025-03-13T03:36:34Z,1741836994,123126
2025-03-14T08:34:23Z,1741941263,123135
2025-03-15T08:50:22Z,1742028622,123137
2025-03-16T04:15:37Z,1742098537,123141
2025-03-17T02:13:47Z,1742177627,123153
2025-03-17T23:07:02Z,1742252822,123158
2025-03-19T08:09:44Z,1742371784,123159
2025-03-20T06:02:32Z,1742450552,123168
2025-03-21T03:25:56Z,1742527556,123172
2025-03-22T02:02:52Z,1742608972,123178
2025-03-22T21:32:52Z,1742679172,123176
2025-03-23T21:36:01Z,1742765761,123179
2025-03-25T01:44:01Z,1742867041,123185
2025-03-26T02:03:29Z,1742954609,123193
2025-03-27T05:55:36Z,1743054936,123199
2025-03-28T06:58:41Z,1743145121,123201
2025-03-29T03:49:49Z,1743220189,123202
2025-03-29T21:07:04Z,1743282424,123203
2025-03-30T23:38:13Z,1743377893,123204
2025-04-01T07:48:17Z,1743493697,123208
2025-04-02T01:19:55Z,1743556795,123214
2025-04-03T08:06:26Z,1743667586,123215
2025-04-04T05:01:30Z,1743742890,123217
2025-04-04T22:29:51Z,1743805791,123217
2025-04-06T03:10:08Z,1743909008,123221
2025-04-07T00:28:48Z,1743985728,123221
2025-04-07T23:52:58Z,1744069978,123224
2025-04-09T06:53:03Z,1744181583,123225
2025-04-09T22:57:25Z,1744239445,123226
2025-04-11T02:28:15Z,1744338495,123226
2025-04-12T07:06:14Z,1744441574,123226
2025-04-13T09:03:46Z,1744535026,123228
2025-04-14T08:05:03Z,1744617903,123233
2025-04-15T04:52:18Z,1744692738,123242
2025-04-16T09:09:45Z,1744794585,123243
2025-04-06T03:10:08Z,1743909008,123221
2025-04-17T14:01:31Z,1744898491,123241
2025-04-19T06:07:24Z,1745042844,123241
2025-04-20T09:06:00Z,1745139960,123243
2025-04-21T00:45:01Z,1745196301,123247
2025-04-22T07:47:31Z,1745308051,123248
2025-04-23T07:05:21Z,1745391921,123251
2025-04-24T06:40:45Z,1745476845,123251
2025-04-25T03:08:32Z,1745550512,123252
2025-04-26T04:06:59Z,1745640419,123255
2025-04-28T01:29:35Z,1745803775,123263
2025-04-28T21:40:01Z,1745876401,123265
2025-04-29T21:53:44Z,1745963624,123262
2025-04-30T11:42:04Z,1746013324,123262
2025-05-02T09:08:43Z,1746176923,123264
2025-05-02T20:55:10Z,1746219310,123265
2025-05-03T22:45:52Z,1746312352,123266
2025-05-05T08:51:38Z,1746435098,123269
2025-05-06T05:56:20Z,1746510980,123270
2025-05-07T07:59:35Z,1746604775,123280
2025-05-08T06:24:24Z,1746685464,123283
2025-05-09T08:57:12Z,1746781032,123292
2025-05-10T08:51:45Z,1746867105,123298
2025-05-11T07:21:01Z,1746948061,123302
2025-05-12T08:55:36Z,1747040136,123307
2025-05-13T07:57:54Z,1747123074,123309
2025-05-14T02:34:34Z,1747190074,123314
2025-05-15T06:11:40Z,1747289500,123319
2025-05-16T08:28:58Z,1747384138,123321
2025-05-17T03:55:01Z,1747454101,123322
2025-05-18T02:51:58Z,1747536718,123324
2025-05-19T01:38:38Z,1747618718,123323
2025-05-20T04:39:16Z,1747715956,123322
2025-05-21T08:12:35Z,1747815155,123325
2025-05-22T00:34:25Z,1747874065,123326
2025-05-22T23:36:25Z,1747956985,123327
2025-05-24T03:25:04Z,1748057104,123330
2025-05-26T06:11:01Z,1748239861,123332
2025-05-27T06:13:38Z,1748326418,123333
2025-05-28T08:24:08Z,1748420648,123334
2025-05-29T08:11:41Z,1748506301,123338
2025-05-31T07:50:15Z,1748677815,123347
2025-06-01T14:07:21Z,1748786841,123355
2025-06-03T06:28:51Z,1748932131,123358
2025-06-04T08:17:09Z,1749025029,123362
2025-06-05T08:01:03Z,1749110463,123368
2025-06-06T08:05:34Z,1749197134,123375
2025-06-07T07:56:53Z,1749283013,123383
2025-06-08T03:09:03Z,1749352143,123387
2025-06-09T05:44:41Z,1749447881,123391
2025-06-10T07:19:08Z,1749539948,123396
2025-06-10T22:13:11Z,1749593591,123398
2025-06-12T04:54:06Z,1749704046,123400
2025-06-13T08:39:46Z,1749803986,123401
2025-06-13T22:11:27Z,1749852687,123406
2025-06-15T06:20:12Z,1749968412,123413
2025-06-16T04:56:58Z,1750049818,123414
2025-06-17T08:04:05Z,1750147445,123418
2025-06-18T07:47:14Z,1750232834,123415
2025-06-19T06:15:46Z,1750313746,123424
2025-06-20T08:33:14Z,1750408394,123435
2025-06-21T07:10:45Z,1750489845,123441
2025-06-22T04:48:56Z,1750567736,123446
2025-06-23T04:32:53Z,1750653173,123451
2025-06-24T09:14:55Z,1750756495,123455
2025-06-25T05:07:07Z,1750828027,123458
2025-06-26T08:17:17Z,1750925837,123472
2025-06-27T05:46:21Z,1751003181,123475
2025-06-28T07:31:26Z,1751095886,123480
2025-06-29T07:46:46Z,1751183206,123483
2025-06-30T08:56:42Z,1751273802,123495
2025-07-01T02:34:28Z,1751337268,123496
2025-07-02T06:43:08Z,1751438588,123498
2025-07-03T00:09:46Z,1751501386,123500
2025-07-04T06:25:12Z,1751610312,123500
2025-07-05T06:57:30Z,1751698650,123503
2025-07-06T01:08:34Z,1751764114,123504
2025-07-07T06:26:12Z,1751869572,123507
2025-07-08T06:06:00Z,1751954760,123512
2025-07-09T06:07:37Z,1752041257,123516
2025-07-10T08:13:21Z,1752135201,123519
2025-07-11T00:11:27Z,1752192687,123520
2025-07-12T07:13:40Z,1752304420,123522
2025-07-13T03:13:25Z,1752376405,123524
2025-07-14T04:07:37Z,1752466057,123525
2025-07-13T03:13:25Z,1752376405,123524
2025-07-15T20:56:48Z,1752613008,123531
2025-07-17T08:19:42Z,1752740382,123533
2025-07-18T07:21:07Z,1752823267,123538
2025-07-19T06:13:28Z,1752905608,123538
2025-07-20T03:30:07Z,1752982207,123541
2025-07-20T23:01:03Z,1753052463,123539
2025-07-22T07:15:47Z,1753168547,123541
2025-07-23T05:54:23Z,1753250063,123543
2025-07-24T09:15:32Z,1753348532,123545
2025-07-25T08:57:17Z,1753433837,123557
2025-07-26T05:47:19Z,1753508839,123564
2025-07-27T07:46:45Z,1753602405,123565
2025-07-28T04:22:28Z,1753676548,123563
2025-07-29T01:53:56Z,1753754036,123561
2025-07-30T05:19:08Z,1753852748,123565
2025-07-31T08:40:36Z,1753951236,123567
2025-08-01T06:45:38Z,1754030738,123576
2025-08-01T13:43:43Z,1754055823,123575
2025-08-03T06:15:35Z,1754201735,123581
2025-07-13T03:13:25Z,1752376405,123524
2025-08-05T09:14:29Z,1754385269,123589
2025-08-06T08:13:46Z,1754468026,123593
2025-08-07T04:15:03Z,1754540103,123596
2025-08-08T05:26:26Z,1754630786,123596
2025-08-09T07:29:04Z,1754724544,123557
2025-08-08T05:26:26Z,1754630786,123596
2025-08-11T07:16:47Z,1754896607,123560
2025-08-12T08:27:10Z,1754987230,123563
2025-08-13T01:52:44Z,1755049964,123583
2025-08-14T09:00:08Z,1755162008,123603
2025-08-15T07:45:47Z,1755243947,123625
2025-08-16T09:15:53Z,1755335753,123636
2025-08-17T00:25:13Z,1755390313,123651
2025-08-18T08:52:32Z,1755507152,123669
2025-08-08T05:26:26Z,1754630786,123596
2025-08-31T08:33:39Z,1756629219,123872
2025-08-31T21:47:48Z,1756676868,123872
2025-09-01T23:47:58Z,1756770478,123866
2025-09-02T21:57:15Z,1756850235,123872
2025-09-04T03:56:59Z,1756958219,123874
2025-09-05T08:03:07Z,1757059387,123880
2025-09-05T21:53:30Z,1757109210,123885
2025-09-07T00:25:26Z,1757204726,123888
2025-09-08T05:10:25Z,1757308225,123894
2025-09-08T22:06:47Z,1757369207,123896
2025-09-10T04:37:54Z,1757479074,123904
2025-09-10T21:08:47Z,1757538527,123900
2025-09-11T23:57:57Z,1757635077,123901
2025-09-12T22:11:40Z,1757715100,123900
2025-09-13T16:11:35Z,1757779895,123901
2025-09-15T00:34:26Z,1757896466,123902
2025-09-16T06:45:06Z,1758005106,123904
2025-09-17T07:35:27Z,1758094527,123910
2025-09-18T08:25:31Z,1758183931,123920
2025-09-18T21:13:38Z,1758230018,123928
2025-09-19T14:08:18Z,1758290898,123934
2025-09-21T08:46:31Z,1758444391,123950
2025-09-21T23:38:44Z,1758497924,123960
2025-09-22T23:10:28Z,1758582628,123961
2025-09-23T11:59:49Z,1758628789,123963
2025-09-24T22:16:28Z,1758752188,123964
2025-09-21T08:46:31Z,1758444391,123950
2025-09-27T07:28:48Z,1758958128,123987
2025-09-27T23:05:35Z,1759014335,124000
2025-09-28T14:44:37Z,1759070677,124000
2025-09-30T01:01:45Z,1759194105,124000
2025-10-01T02:33:59Z,1759286039,123997
2025-10-02T08:06:08Z,1759392368,123999
2025-10-03T00:20:23Z,1759450823,123997
2025-10-04T00:58:12Z,1759539492,123996
2025-10-05T08:14:07Z,1759652047,124000
2025-10-05T12:04:00Z,1759665840,123999
2025-10-06T22:19:30Z,1759789170,123998
2025-10-08T02:24:42Z,1759890282,123994
2025-10-09T03:48:49Z,1759981729,123997
2025-10-10T01:17:28Z,1760059048,124002
2025-10-10T22:00:39Z,1760133639,124002
2025-10-11T15:35:38Z,1760196938,124000
2025-10-13T03:10:11Z,1760325011,124006
2025-10-13T21:55:07Z,1760392507,124006
2025-10-14T23:33:14Z,1760484794,124006
2025-10-15T21:20:09Z,1760563209,124009
2025-10-17T04:29:50Z,1760675390,124008
2025-10-18T06:39:18Z,1760769558,124008
2025-10-18T23:58:14Z,1760831894,124008
2025-10-19T21:55:48Z,1760910948,124008
2025-10-20T20:32:57Z,1760992377,124012
2025-10-22T03:12:21Z,1761102741,124013
2025-10-23T03:13:03Z,1761189183,124016
2025-10-23T21:23:42Z,1761254622,124015
2025-10-25T05:21:59Z,1761369719,124016
2025-10-26T04:21:10Z,1761452470,124018
2025-10-27T09:14:23Z,1761556463,124064
2025-10-28T09:07:51Z,1761642471,124057
2025-10-29T04:48:50Z,1761713330,124064
2025-10-30T05:37:59Z,1761802679,124074
2025-10-31T02:10:51Z,1761876651,124078
2025-11-01T01:10:42Z,1761959442,124081
2025-10-31T02:10:51Z,1761876651,124078
2025-11-03T03:03:45Z,1762139025,124087
2025-11-03T22:15:54Z,1762208154,124092
2025-11-04T22:06:59Z,1762294019,124100
2025-11-05T18:45:00Z,1762368300,124101
2025-11-02T05:59:50Z,1762063190,124079
2025-11-08T06:55:42Z,1762584942,124112
2025-11-09T00:45:23Z,1762649123,124114
2025-11-10T01:06:10Z,1762736770,124115
2025-11-11T05:04:02Z,1762837442,124114
2025-11-12T06:22:04Z,1762928524,124122
2025-11-13T01:15:36Z,1762996536,124123
2025-11-13T22:29:52Z,1763072992,124125
2025-11-14T23:58:50Z,1763164730,124123
2025-11-16T02:51:05Z,1763261465,124129
2025-11-17T03:06:04Z,1763348764,124132
2025-11-18T01:02:51Z,1763427771,124133
2025-11-19T01:06:41Z,1763514401,124138
2025-11-20T03:56:18Z,1763610978,124138
2025-11-21T06:39:55Z,1763707195,124143
2025-11-22T03:57:25Z,1763783845,124144
2025-11-23T07:47:12Z,1763884032,124110
2025-11-24T00:37:24Z,1763944644,124114
2025-11-25T00:29:59Z,1764030599,124117
2025-11-26T02:39:09Z,1764124749,124126
2025-11-26T22:16:42Z,1764195402,124134
2025-11-28T03:36:52Z,1764301012,124134
2025-11-29T08:25:17Z,1764404717,124140
2025-11-30T05:57:05Z,1764482225,124147
2025-11-30T20:39:14Z,1764535154,124149
2025-12-02T04:37:36Z,1764650256,124149
2025-12-03T06:35:45Z,1764743745,124153
2025-12-04T03:21:41Z,1764818501,124156
2025-12-05T09:14:13Z,1764926053,124160
2025-11-02T05:59:50Z,1762063190,124079
2025-12-07T03:30:14Z,1765078214,124173
2025-12-08T01:24:37Z,1765157077,124179
2025-12-09T06:47:25Z,1765262845,124185
2025-12-09T21:06:40Z,1765314400,124185
2025-12-10T13:35:18Z,1765373718,124185
2025-12-11T17:03:16Z,1765472596,124187
2025-12-13T03:14:39Z,1765595679,124188
2025-12-14T00:36:51Z,1765672611,124196
2025-12-15T05:53:16Z,1765777996,124197
2025-12-15T22:42:18Z,1765838538,124201
2025-12-17T02:22:30Z,1765938150,124211
2025-12-17T15:30:45Z,1765985445,124214
2025-12-19T04:35:44Z,1766118944,124207
2025-12-20T00:01:20Z,1766188880,124218
2025-12-20T16:19:40Z,1766247580,124220
2025-12-22T01:46:12Z,1766367972,124226
2025-12-23T05:20:35Z,1766467235,124229
2025-12-24T05:04:43Z,1766552683,124231
2025-12-24T20:20:10Z,1766607610,124228
